title,description
Task 0001,Descrição da Task 0001
Task 0002,Descrição da Task 0002
Task 0003,Descrição da Task 0003
Task 0004,Descrição da Task 0004
Task 0005,Descrição da Task 0005
Task 0006,Descrição da Task 0006
Task 0007,Descrição da Task 0007
Task 0008,Descrição da Task 0008
Task 0009,Descrição da Task 0009
Task 0010,Descrição da Task 0010
Task 0011,Descrição da Task 0011
Task 0012,Descrição da Task 0012
Task 0013,Descrição da Task 0013
Task 0014,Descrição da Task 0014
Task 0015,Descrição da Task 0015
Task 0016,Descrição da Task 0016
Task 0017,Descrição da Task 0017
Task 0018,Descrição da Task 0018
Task 0019,Descrição da Task 0019
Task 0020,Descrição da Task 0020
Task 0021,Descrição da Task 0021
Task 0022,Descrição da Task 0022
Task 0023,Descrição da Task 0023
Task 0024,Descrição da Task 0024
Task 0025,Descrição da Task 0025
Task 0026,Descrição da Task 0026
Task 0027,Descrição da Task 0027
Task 0028,Descrição da Task 0028
Task 0029,Descrição da Task 0029
Task 0030,Descrição da Task 0030
Task 0031,Descrição da Task 0031
Task 0032,Descrição da Task 0032
Task 0033,Descrição da Task 0033
Task 0034,Descrição da Task 0034
Task 0035,Descrição da Task 0035
Task 0036,Descrição da Task 0036
Task 0037,Descrição da Task 0037
Task 0038,Descrição da Task 0038
Task 0039,Descrição da Task 0039
Task 0040,Descrição da Task 0040
Task 0041,Descrição da Task 0041
Task 0042,Descrição da Task 0042
Task 0043,Descrição da Task 0043
Task 0044,Descrição da Task 0044
Task 0045,Descrição da Task 0045
Task 0046,Descrição da Task 0046
Task 0047,Descrição da Task 0047
Task 0048,Descrição da Task 0048
Task 0049,Descrição da Task 0049
Task 0050,Descrição da Task 0050
Task 0051,Descrição da Task 0051
Task 0052,Descrição da Task 0052
Task 0053,Descrição da Task 0053
Task 0054,Descrição da Task 0054
Task 0055,Descrição da Task 0055
Task 0056,Descrição da Task 0056
Task 0057,Descrição da Task 0057
Task 0058,Descrição da Task 0058
Task 0059,Descrição da Task 0059
Task 0060,Descrição da Task 0060
Task 0061,Descrição da Task 0061
Task 0062,Descrição da Task 0062
Task 0063,Descrição da Task 0063
Task 0064,Descrição da Task 0064
Task 0065,Descrição da Task 0065
Task 0066,Descrição da Task 0066
Task 0067,Descrição da Task 0067
Task 0068,Descrição da Task 0068
Task 0069,Descrição da Task 0069
Task 0070,Descrição da Task 0070
Task 0071,Descrição da Task 0071
Task 0072,Descrição da Task 0072
Task 0073,Descrição da Task 0073
Task 0074,Descrição da Task 0074
Task 0075,Descrição da Task 0075
Task 0076,Descrição da Task 0076
Task 0077,Descrição da Task 0077
Task 0078,Descrição da Task 0078
Task 0079,Descrição da Task 0079
Task 0080,Descrição da Task 0080
Task 0081,Descrição da Task 0081
Task 0082,Descrição da Task 0082
Task 0083,Descrição da Task 0083
Task 0084,Descrição da Task 0084
Task 0085,Descrição da Task 0085
Task 0086,Descrição da Task 0086
Task 0087,Descrição da Task 0087
Task 0088,Descrição da Task 0088
Task 0089,Descrição da Task 0089
Task 0090,Descrição da Task 0090
Task 0091,Descrição da Task 0091
Task 0092,Descrição da Task 0092
Task 0093,Descrição da Task 0093
Task 0094,Descrição da Task 0094
Task 0095,Descrição da Task 0095
Task 0096,Descrição da Task 0096
Task 0097,Descrição da Task 0097
Task 0098,Descrição da Task 0098
Task 0099,Descrição da Task 0099
Task 0100,Descrição da Task 0100
Task 0101,Descrição da Task 0101
Task 0102,Descrição da Task 0102
Task 0103,Descrição da Task 0103
Task 0104,Descrição da Task 0104
Task 0105,Descrição da Task 0105
Task 0106,Descrição da Task 0106
Task 0107,Descrição da Task 0107
Task 0108,Descrição da Task 0108
Task 0109,Descrição da Task 0109
Task 0110,Descrição da Task 0110
Task 0111,Descrição da Task 0111
Task 0112,Descrição da Task 0112
Task 0113,Descrição da Task 0113
Task 0114,Descrição da Task 0114
Task 0115,Descrição da Task 0115
Task 0116,Descrição da Task 0116
Task 0117,Descrição da Task 0117
Task 0118,Descrição da Task 0118
Task 0119,Descrição da Task 0119
Task 0120,Descrição da Task 0120
Task 0121,Descrição da Task 0121
Task 0122,Descrição da Task 0122
Task 0123,Descrição da Task 0123
Task 0124,Descrição da Task 0124
Task 0125,Descrição da Task 0125
Task 0126,Descrição da Task 0126
Task 0127,Descrição da Task 0127
Task 0128,Descrição da Task 0128
Task 0129,Descrição da Task 0129
Task 0130,Descrição da Task 0130
Task 0131,Descrição da Task 0131
Task 0132,Descrição da Task 0132
Task 0133,Descrição da Task 0133
Task 0134,Descrição da Task 0134
Task 0135,Descrição da Task 0135
Task 0136,Descrição da Task 0136
Task 0137,Descrição da Task 0137
Task 0138,Descrição da Task 0138
Task 0139,Descrição da Task 0139
Task 0140,Descrição da Task 0140
Task 0141,Descrição da Task 0141
Task 0142,Descrição da Task 0142
Task 0143,Descrição da Task 0143
Task 0144,Descrição da Task 0144
Task 0145,Descrição da Task 0145
Task 0146,Descrição da Task 0146
Task 0147,Descrição da Task 0147
Task 0148,Descrição da Task 0148
Task 0149,Descrição da Task 0149
Task 0150,Descrição da Task 0150
Task 0151,Descrição da Task 0151
Task 0152,Descrição da Task 0152
Task 0153,Descrição da Task 0153
Task 0154,Descrição da Task 0154
Task 0155,Descrição da Task 0155
Task 0156,Descrição da Task 0156
Task 0157,Descrição da Task 0157
Task 0158,Descrição da Task 0158
Task 0159,Descrição da Task 0159
Task 0160,Descrição da Task 0160
Task 0161,Descrição da Task 0161
Task 0162,Descrição da Task 0162
Task 0163,Descrição da Task 0163
Task 0164,Descrição da Task 0164
Task 0165,Descrição da Task 0165
Task 0166,Descrição da Task 0166
Task 0167,Descrição da Task 0167
Task 0168,Descrição da Task 0168
Task 0169,Descrição da Task 0169
Task 0170,Descrição da Task 0170
Task 0171,Descrição da Task 0171
Task 0172,Descrição da Task 0172
Task 0173,Descrição da Task 0173
Task 0174,Descrição da Task 0174
Task 0175,Descrição da Task 0175
Task 0176,Descrição da Task 0176
Task 0177,Descrição da Task 0177
Task 0178,Descrição da Task 0178
Task 0179,Descrição da Task 0179
Task 0180,Descrição da Task 0180
Task 0181,Descrição da Task 0181
Task 0182,Descrição da Task 0182
Task 0183,Descrição da Task 0183
Task 0184,Descrição da Task 0184
Task 0185,Descrição da Task 0185
Task 0186,Descrição da Task 0186
Task 0187,Descrição da Task 0187
Task 0188,Descrição da Task 0188
Task 0189,Descrição da Task 0189
Task 0190,Descrição da Task 0190
Task 0191,Descrição da Task 0191
Task 0192,Descrição da Task 0192
Task 0193,Descrição da Task 0193
Task 0194,Descrição da Task 0194
Task 0195,Descrição da Task 0195
Task 0196,Descrição da Task 0196
Task 0197,Descrição da Task 0197
Task 0198,Descrição da Task 0198
Task 0199,Descrição da Task 0199
Task 0200,Descrição da Task 0200
Task 0201,Descrição da Task 0201
Task 0202,Descrição da Task 0202
Task 0203,Descrição da Task 0203
Task 0204,Descrição da Task 0204
Task 0205,Descrição da Task 0205
Task 0206,Descrição da Task 0206
Task 0207,Descrição da Task 0207
Task 0208,Descrição da Task 0208
Task 0209,Descrição da Task 0209
Task 0210,Descrição da Task 0210
Task 0211,Descrição da Task 0211
Task 0212,Descrição da Task 0212
Task 0213,Descrição da Task 0213
Task 0214,Descrição da Task 0214
Task 0215,Descrição da Task 0215
Task 0216,Descrição da Task 0216
Task 0217,Descrição da Task 0217
Task 0218,Descrição da Task 0218
Task 0219,Descrição da Task 0219
Task 0220,Descrição da Task 0220
Task 0221,Descrição da Task 0221
Task 0222,Descrição da Task 0222
Task 0223,Descrição da Task 0223
Task 0224,Descrição da Task 0224
Task 0225,Descrição da Task 0225
Task 0226,Descrição da Task 0226
Task 0227,Descrição da Task 0227
Task 0228,Descrição da Task 0228
Task 0229,Descrição da Task 0229
Task 0230,Descrição da Task 0230
Task 0231,Descrição da Task 0231
Task 0232,Descrição da Task 0232
Task 0233,Descrição da Task 0233
Task 0234,Descrição da Task 0234
Task 0235,Descrição da Task 0235
Task 0236,Descrição da Task 0236
Task 0237,Descrição da Task 0237
Task 0238,Descrição da Task 0238
Task 0239,Descrição da Task 0239
Task 0240,Descrição da Task 0240
Task 0241,Descrição da Task 0241
Task 0242,Descrição da Task 0242
Task 0243,Descrição da Task 0243
Task 0244,Descrição da Task 0244
Task 0245,Descrição da Task 0245
Task 0246,Descrição da Task 0246
Task 0247,Descrição da Task 0247
Task 0248,Descrição da Task 0248
Task 0249,Descrição da Task 0249
Task 0250,Descrição da Task 0250
Task 0251,Descrição da Task 0251
Task 0252,Descrição da Task 0252
Task 0253,Descrição da Task 0253
Task 0254,Descrição da Task 0254
Task 0255,Descrição da Task 0255
Task 0256,Descrição da Task 0256
Task 0257,Descrição da Task 0257
Task 0258,Descrição da Task 0258
Task 0259,Descrição da Task 0259
Task 0260,Descrição da Task 0260
Task 0261,Descrição da Task 0261
Task 0262,Descrição da Task 0262
Task 0263,Descrição da Task 0263
Task 0264,Descrição da Task 0264
Task 0265,Descrição da Task 0265
Task 0266,Descrição da Task 0266
Task 0267,Descrição da Task 0267
Task 0268,Descrição da Task 0268
Task 0269,Descrição da Task 0269
Task 0270,Descrição da Task 0270
Task 0271,Descrição da Task 0271
Task 0272,Descrição da Task 0272
Task 0273,Descrição da Task 0273
Task 0274,Descrição da Task 0274
Task 0275,Descrição da Task 0275
Task 0276,Descrição da Task 0276
Task 0277,Descrição da Task 0277
Task 0278,Descrição da Task 0278
Task 0279,Descrição da Task 0279
Task 0280,Descrição da Task 0280
Task 0281,Descrição da Task 0281
Task 0282,Descrição da Task 0282
Task 0283,Descrição da Task 0283
Task 0284,Descrição da Task 0284
Task 0285,Descrição da Task 0285
Task 0286,Descrição da Task 0286
Task 0287,Descrição da Task 0287
Task 0288,Descrição da Task 0288
Task 0289,Descrição da Task 0289
Task 0290,Descrição da Task 0290
Task 0291,Descrição da Task 0291
Task 0292,Descrição da Task 0292
Task 0293,Descrição da Task 0293
Task 0294,Descrição da Task 0294
Task 0295,Descrição da Task 0295
Task 0296,Descrição da Task 0296
Task 0297,Descrição da Task 0297
Task 0298,Descrição da Task 0298
Task 0299,Descrição da Task 0299
Task 0300,Descrição da Task 0300
Task 0301,Descrição da Task 0301
Task 0302,Descrição da Task 0302
Task 0303,Descrição da Task 0303